PDB1, PDB2, Frag_seq
1ceeB, 2k42A, IGAPSGFKHVSHVGWDPQNGFDVN
1g2cF, 5tpnA, FYDPLVFPSDEFDASISQVNEKINQSLAFIRKSDELLHNVNAG
1h38D, 1qlnA, INGTDNEVVTVTDENTGEIS
1k0nA, 1rk4B, KGVTFNVTTVDTKRRTETVQKLCPGGELPFLLYGTEVHTDTN
1mnmC, 1mnmD, DGLVFNVVTQDMINKSTKPY
1nqdA, 1nqjB, GSPGIPGNEKLKEKENNDSSDKATVIPNFNTTM
1ovaA, 1jtiB, VHAAHAEINEAGREVVGSAEAGV
1qomB, 1nocA, LVPPVSGSITPVFHQEMLNYVL
1qs8B, 1miqB, LGSENDVIELDDVANIMFYGEGEVGDNHQKFM
1repC, 2z9oB, FFIGLQNRFTQFRLSETKEI
1rkpA, 2h44A, DHRGVNNSYIQRSEHPLAQLYC
1uxmK, 2namA, ATKVVCVLKGDGPVQGIINFEQKESNGPVKVWGSIKGLTEGLHGFHVHEFGDNTAGCTSAGPHFNPLSRKHGGPKDEERHVGDLGNVTADKDGVADVSIEDSVISLSGDHCIIGRTLVVHEKADDLGKGGNEESTKTGNAGSRLACGVIGIAQ
1wyyB, 5wrgC, VQIDRLITGGRGGSDVDLGDISGINASVVNIQKEIDRLNEVAKNLNESLIDLQELGKY
1x0gA, 1x0gD, ERLQTHGVRRGQAAILRIQVQPSECGDWRYDLALVAEPKPTDLLTQSQGWTIAIAAEAAELLRGLRVDYIEDLMGGAFRFHNPNASQTCGCGMAFRVS
1xjtA, 1xjuB, GNAEGCRRDPYXCPAGVWTDGIGNTHGVTPG
1xntA, 3lqcA, STHCAENLLKADTYRKWRAAKAG
2a73B, 3l5nB, NLEESCTRFYHPEKEDGKLNKLCRDELCRCAEENCFI
2axzA, 2grmB, KEVTXYYENYVAIENNPIPEIK
2c1uC, 2c1vB, GQDYHPFGLIAKPGAEVLPAGDTGRFEVTRTTDDEYVFR
2ce7C, 3kdsG, IIPRGYKALGYTLHLPEEDK
2frhA, 1fzpD, EFSISFEEFAVLTYISENKEKEYYLKDIINHLNYKQPQVVKAVKILSQEDYFDKKRNEHDERTVLILVNAQQRKKIESLLSRVNKRITEANN
2gedB, 1nrjB, SVRP--TADYDGSGVTLVDFPGHVKLR
2hdmA, 2n54B, DPQATWVRDCVRSMDRKSNTRN
2k0qA, 2lelA, GTKIIMKGNEIFRLDEALRKGHS
2lejA, 2lv1A, KHMAGAAAAGAVVGGLGGYM
2lqwA, 2bzyB, PVFAKAIQKRVPCAYDKTALALEVGDIVKVTRMNINGQWEGEVNGRKGLFPFTHVKIFDPQNPDENE
2n0aD, 2kkwA, EGVLYVGSKTKEGVVHGVATV
2naoF, 1iytA, DSGYEVHHQKLVFFAEDVGS
2nntA, 2mwfA, GATAVSEWTEYKTADGKTFYYNNRTLESTWEKPQELK
2nxqB, 1jfkA, ADGNGEIDQNEFAKFYGSIQGQDLSDDKIGLKVLYKLMDVDGDGKLTKEEVTSFFKKHGIEKVAEQVMKADANGDGYITLEEFLEFS
2ougC, 2lclA, AFEGFQAIFTEPDGEARSMLLLNLINKEIKHSVKNTEFRKL
2p3vA, 2p3vD, WGRVDNVEKKTGFKDIVTEI
2qkeE, 5jytA, LAKVLPPPVRRIIGDLSNREKVLIGLDLLYEEIGD
3ejhA, 3m7pA, DQCIVDDITYNVQDTFHKKHEEG
3ewsB, 3g0hA, LVDNTNQVEVLQRDPNSPLY
3gmhL, 2vfxL, EKWEESGPQFITNSEEVRLRSFTTTIHKVNSMVAYKIP
3hdeA, 3hdfA, GACDQLRRWTYAGGKQWKGL
3ifaA, 5et5A, PFETDMLTLTRYVMEKGRQA
3j7wB, 3j7vG, GDKLALFLKVFGGEVLTAFART
3j97M, 1xtgB, MALDMGNEIDTQNRQIDRIMEKADSNKTRIDEANQRATKM
3j9cA, 4h2aA, DHSLSLAGERTWAETMGLNTAD
3jv6A, 1zk9A, STASWEGRADFSQADVHRQIAIVFKTPPY
3k2sA, 2a01C, EKLSPLGEEMRDRARAHVDALRTHLAPYSDELRQRLAAR
3kuyA, 5c3iF, TVALREIRRYQKSTELLIRK
3m1bF, 3lowA, KNGERIEKVEHSDLSFSKDWS
3njqA, 2pbkB, FVDVVSXPKLEQELYLDPDQVTDYL
3o44A, 1xezA, VTGGVEVSGDGPKAKLEARA
3qy2A, 1qb3A, LLFKRPLNYEAELRAATAAA
3t1pA, 1kctA, RRSASLHLPKLCITGTYDLKSVLGQLGITKVFSNGADLSGVTEEAPLKLSKAVHKAVLCIDEKGTEAAGAMFLEAIPRSIPPEV
3tp2A, 5lj3M, WRDKSAKVQVKESELPSSIPAQTGLTFNIWYNKWSQGFAGNT
3uyiA, 3v0tA, VPYSPIGRGLFAGKAIKESL
3zwgN, 4tsyD, SADVAGAVIDGAGLGFDVLK
4a5wB, 3t5oA, VQTAEDDLKTDFYKDLTSLG
4aanA, 4aalA, GYFPFGVREDPGPVVRPVDDTGRYKVTSTAADKY
4ae0A, 4ow6B, LEHPELSELKTVTGTNPVFA
4b3oB, 3meeA, WWTEYWQATWVPEWEFVNTPPLVKLWYQLEKEPIVGAETF
4dxtA, 4dxrA, TYETKTALLSLFGIPLWYHS
4fu4C, 4g0dZ, EDDLSEEDLQFAERYLRSYYHPT
4gqcC, 4gqcB, SPVCTKELCTFRDKMAQLEKANA
4hddA, 2lepA, DYXATQGVILTIQQHNQSDVWLADE
4j3oF, 2jmrA, ADSTITIRGYVRDNGCSVAAESTNF
4jphB, 5hk5H, HHQIKEVLASSQEALVVTERKY
4nc9C, 4n9wA, AAEGPIVATFHTSTTKSLTLSVF
4o0pA, 4o01D, DLGPRHSFDTYLEEKRGYAE
4phqA, 2wcdX, AYAGAAAGVVAGPFGLIISY
4pyiA, 4pyjA, YREVVDGLEKAIYKGPGSEA
4qdsA, 2qqjA, PCSNMLGMLSGLIADSQISA
4qhfA, 4qhhA, HLKYGKYHINEFEEELLFLFPNKEA
4rmbA, 4rmbB, TNISGDSDANAEIKLLSLEH
4rr2D, 3l9qB, IGLTLEQALQFWKQEFIKGKMDPDKFDKGYSYNIRHSFGKEGKRTD
4rwnA, 4rwqB, VKGGSSGKGTTLRGRSDADL
4twaA, 4ydqB, NHIEGFSPEVAWVTKYGDSNLPEEIAIRPTSETIMYSVF
4uv2D, 4q79F, RGLWDLQNKAERQNDILVKYRHXSVPPES
4wsgC, 1svfC, KTNAAVADVVQATQSLGTAVQAVQDHINSVVSPAITAAN
4y0mJ, 4xwsD, TAKASIDSELLNDKSLLLLGEGHCFRDQVLEACPTVRKGDENKHTTVESSSLETIRHXVASGLGVSVLP
4zrbC, 4zrbH, KDFHFDAISAFENYEIEKMR
4zt0C, 4cmqB, KILTFRIPYYVGPLARGNSRFAWXTRKSEETITPWNFEEVVDKGASAQSFIERXTNFDKNLPNEKVLPKHSLLYEYFTVYNELTKVKYVTEGXRKPAFLSGEQKKAIVDLLFKTNRKVTVKQLKEDYFKKIECFDSVEISGVEDRFNASLGTYHDLLKIIKDKDFLDN
5aoeB, 5ly6B, HSMEQLKVKFGSAFEKTGNSLDIDFNSVHSGEKQIQIVNFKQIYYTVSVDAVKNPGDVFQDTVTVEDLKQRGISAERPLVYISSVAYGRQVYLKLETTSKSDEVEAAFEALIKGVKVAPQTEWKQILD
5b3zA, 5bmyA, WEKRMSRSSGRVYYFNHITNASQWERPSG
5c1vA, 5c1vB, IFSAPNYLDVYNNKAAVLKYENNVMNIRQFN
5ec5P, 3zxgB, KNVNSETRTVTATHSIGSTISTGDAFEIGSVEVSYSHSHQKSQVSMTQTEVYSS
5ejbC, 1wp8C, ADNINKLKSSIESTNEAVVKLQETAEKTVYVLTALQDY
5f3kA, 5f5rB, GSTSKHEFQAETKKLLDIVARSLYS
5fhcJ, 1eboE, IEGLMHNQDGLICGLRQLANETTQALQLFLRATTELRTFSILNRKAIDFLLQRWGG
5fluE, 2uy7D, APTIPQGQGKVTFNGTVVDAPCSISQKSAD
5hmgA, 3ztjE, QDLPGNDNSTATLCLGHHAVPNGTLVKTITDDQIEVTNATELVQSSSTGKICNNPHRILDGIDCTLIDALLGDPHCDVFQNETWDLFVERSKAFSN
5i2mA, 5i2sA, PLYMIGHGMLDSDLHLSSKAQVFEHPHIQDAASQLPDDES
5ineA, 3mkoA, HLRDLMGVPYCNYSKFWYLEHAKTGETSVPKCWLVTNGSYLNETHFSD
5jzhA, 5jztG, YDVTLRGDTATNWSKTNTYGLSEKVTTKNKFKWPLVGETELSIEIAANQSWASQNGGSTTTSLS
5k5gA, 2kb8A, QRLANFLVHSSNNFGAILSSTNVGSNTY
5keqF, 1dzlA, PGGTLEDTYRFVTSQAIACQKHTPPAPKEDPLKK
5l35D, 5l35G, DAQTGLHASDQLVRTAWENAQIPTNFGG
7ahlE, 4yhdG, DYYPRNSIDTKEYMSTLTYGFNGNVTGDDTGKIGGLIGANVSIGHTLKYVQPD
4KSO, , LAKVLPLPVRRIIGDLSDREKVLIGLDLLYGELQD
1WWJ, , LAKILPPPVRKIIGDLSDREKVLIGLDLLYDEIRE
1R5P, , LSKILPPPVRKIIGDLSDRERVLIGLDLLYEELTE
1F16, , WDGLLSYFGTPTWQTVTIFVAG
2KXOA, 3RJ9C, VARDRLQIIIAQERAQEGQT
6Z4UA, 7KDTB, KTLNSLEDKAFQLTPIAVQMTK
